name,sub_type,type,job,cls,rank,base_atk,min_atk,max_atk,base_matk,min_matk,max_matk,base_def,min_def,max_def
,Polearm,Weapon,Aran,Warrior,Normal,25,22.5,27.5,0,,,0,,
,Polearm,Weapon,Aran,Warrior,Rare,201,180.9,221.1,0,,,0,,
,Polearm,Weapon,Aran,Warrior,Epic,592,532.8,651.2,0,,,0,,
,Polearm,Weapon,Aran,Warrior,Unique,"1,197","1,077.30","1,316.70",0,,,0,,
,Polearm,Weapon,Aran,Warrior,Legendary,"2,073","1,865.70","2,280.30",0,,,0,,
,Polearm,Weapon,Aran,Warrior,Mythic,"3,444","3,099.60","3,788.40",0,,,0,,
Briser,Polearm,Weapon,Aran,Warrior,Normal,25,22.5,27.5,0,,,0,,
Briser,Polearm,Weapon,Aran,Warrior,Rare,201,180.9,221.1,0,,,0,,
Briser,Polearm,Weapon,Aran,Warrior,Epic,592,532.8,651.2,0,,,0,,
Briser,Polearm,Weapon,Aran,Warrior,Unique,"1,197","1,077.30","1,316.70",0,,,0,,
Briser,Polearm,Weapon,Aran,Warrior,Legendary,"2,073","1,865.70","2,280.30",0,,,0,,
Briser,Polearm,Weapon,Aran,Warrior,Mythic,"3,444","3,099.60","3,788.40",0,,,0,,
Jaihin,Polearm,Weapon,Aran,Warrior,Normal,25,22.5,27.5,0,,,0,,
Jaihin,Polearm,Weapon,Aran,Warrior,Rare,201,180.9,221.1,0,,,0,,
Jaihin,Polearm,Weapon,Aran,Warrior,Epic,592,532.8,651.2,0,,,0,,
Jaihin,Polearm,Weapon,Aran,Warrior,Unique,"1,197","1,077.30","1,316.70",0,,,0,,
Jaihin,Polearm,Weapon,Aran,Warrior,Legendary,"2,073","1,865.70","2,280.30",0,,,0,,
Jaihin,Polearm,Weapon,Aran,Warrior,Mythic,"3,444","3,099.60","3,788.40",0,,,0,,
Utgard,Polearm,Weapon,Aran,Warrior,Normal,25,22.5,27.5,0,,,0,,
Utgard,Polearm,Weapon,Aran,Warrior,Rare,201,180.9,221.1,0,,,0,,
Utgard,Polearm,Weapon,Aran,Warrior,Epic,592,532.8,651.2,0,,,0,,
Utgard,Polearm,Weapon,Aran,Warrior,Unique,"1,197","1,077.30","1,316.70",0,,,0,,
Utgard,Polearm,Weapon,Aran,Warrior,Legendary,"2,073","1,865.70","2,280.30",0,,,0,,
Utgard,Polearm,Weapon,Aran,Warrior,Mythic,"3,444","3,099.60","3,788.40",0,,,0,,
Agares,Spear,Weapon,DarkKnight,Warrior,Normal,24,21.6,26.4,0,,,0,,
Agares,Spear,Weapon,DarkKnight,Warrior,Rare,200,180,220,0,,,0,,
Agares,Spear,Weapon,DarkKnight,Warrior,Epic,591,531.9,650.1,0,,,0,,
Agares,Spear,Weapon,DarkKnight,Warrior,Unique,"1,196","1,076.40","1,315.60",0,,,0,,
Agares,Spear,Weapon,DarkKnight,Warrior,Legendary,"2,072","1,864.80","2,279.20",0,,,0,,
Agares,Spear,Weapon,DarkKnight,Warrior,Mythic,"3,443","3,098.70","3,787.30",0,,,0,,
Briser,Spear,Weapon,DarkKnight,Warrior,Normal,24,21.6,26.4,0,,,0,,
Briser,Spear,Weapon,DarkKnight,Warrior,Rare,200,180,220,0,,,0,,
Briser,Spear,Weapon,DarkKnight,Warrior,Epic,591,531.9,650.1,0,,,0,,
Briser,Spear,Weapon,DarkKnight,Warrior,Unique,"1,196","1,076.40","1,315.60",0,,,0,,
Briser,Spear,Weapon,DarkKnight,Warrior,Legendary,"2,072","1,864.80","2,279.20",0,,,0,,
Briser,Spear,Weapon,DarkKnight,Warrior,Mythic,"3,443","3,098.70","3,787.30",0,,,0,,
Jaihin,Spear,Weapon,DarkKnight,Warrior,Normal,24,21.6,26.4,0,,,0,,
Jaihin,Spear,Weapon,DarkKnight,Warrior,Rare,200,180,220,0,,,0,,
Jaihin,Spear,Weapon,DarkKnight,Warrior,Epic,591,531.9,650.1,0,,,0,,
Jaihin,Spear,Weapon,DarkKnight,Warrior,Unique,"1,196","1,076.40","1,315.60",0,,,0,,
Jaihin,Spear,Weapon,DarkKnight,Warrior,Legendary,"2,072","1,864.80","2,279.20",0,,,0,,
Jaihin,Spear,Weapon,DarkKnight,Warrior,Mythic,"3,443","3,098.70","3,787.30",0,,,0,,
Utgard,Spear,Weapon,DarkKnight,Warrior,Normal,24,21.6,26.4,0,,,0,,
Utgard,Spear,Weapon,DarkKnight,Warrior,Rare,200,180,220,0,,,0,,
Utgard,Spear,Weapon,DarkKnight,Warrior,Epic,591,531.9,650.1,0,,,0,,
Utgard,Spear,Weapon,DarkKnight,Warrior,Unique,"1,196","1,076.40","1,315.60",0,,,0,,
Utgard,Spear,Weapon,DarkKnight,Warrior,Legendary,"2,072","1,864.80","2,279.20",0,,,0,,
Utgard,Spear,Weapon,DarkKnight,Warrior,Mythic,"3,443","3,098.70","3,787.30",0,,,0,,
,THSword,Weapon,SoulMaster,Warrior,Normal,25,22.5,27.5,0,,,0,,
,THSword,Weapon,SoulMaster,Warrior,Rare,201,180.9,221.1,0,,,0,,
,THSword,Weapon,SoulMaster,Warrior,Epic,592,532.8,651.2,0,,,0,,
,THSword,Weapon,SoulMaster,Warrior,Unique,"1,197","1,077.30","1,316.70",0,,,0,,
,THSword,Weapon,SoulMaster,Warrior,Legendary,"2,073","1,865.70","2,280.30",0,,,0,,
,THSword,Weapon,SoulMaster,Warrior,Mythic,"3,444","3,099.60","3,788.40",0,,,0,,
Briser,THSword,Weapon,SoulMaster,Warrior,Normal,25,22.5,27.5,0,,,0,,
Briser,THSword,Weapon,SoulMaster,Warrior,Rare,201,180.9,221.1,0,,,0,,
Briser,THSword,Weapon,SoulMaster,Warrior,Epic,592,532.8,651.2,0,,,0,,
Briser,THSword,Weapon,SoulMaster,Warrior,Unique,"1,197","1,077.30","1,316.70",0,,,0,,
Briser,THSword,Weapon,SoulMaster,Warrior,Legendary,"2,073","1,865.70","2,280.30",0,,,0,,
Briser,THSword,Weapon,SoulMaster,Warrior,Mythic,"3,444","3,099.60","3,788.40",0,,,0,,
Jaihin,THSword,Weapon,SoulMaster,Warrior,Normal,25,22.5,27.5,0,,,0,,
Jaihin,THSword,Weapon,SoulMaster,Warrior,Rare,201,180.9,221.1,0,,,0,,
Jaihin,THSword,Weapon,SoulMaster,Warrior,Epic,592,532.8,651.2,0,,,0,,
Jaihin,THSword,Weapon,SoulMaster,Warrior,Unique,"1,197","1,077.30","1,316.70",0,,,0,,
Jaihin,THSword,Weapon,SoulMaster,Warrior,Legendary,"2,073","1,865.70","2,280.30",0,,,0,,
Jaihin,THSword,Weapon,SoulMaster,Warrior,Mythic,"3,444","3,099.60","3,788.40",0,,,0,,
Utgard,THSword,Weapon,SoulMaster,Warrior,Normal,25,22.5,27.5,0,,,0,,
Utgard,THSword,Weapon,SoulMaster,Warrior,Rare,201,180.9,221.1,0,,,0,,
Utgard,THSword,Weapon,SoulMaster,Warrior,Epic,592,532.8,651.2,0,,,0,,
Utgard,THSword,Weapon,SoulMaster,Warrior,Unique,"1,197","1,077.30","1,316.70",0,,,0,,
Utgard,THSword,Weapon,SoulMaster,Warrior,Legendary,"2,073","1,865.70","2,280.30",0,,,0,,
Utgard,THSword,Weapon,SoulMaster,Warrior,Mythic,"3,444","3,099.60","3,788.40",0,,,0,,
Agares,Shoes,,Warrior,Warrior,Normal,0,,,0,,,16,14.4,17.6
Agares,Shoes,,Warrior,Warrior,Rare,0,,,0,,,58,52.2,63.8
Agares,Shoes,,Warrior,Warrior,Epic,0,,,0,,,153,137.7,168.3
Agares,Shoes,,Warrior,Warrior,Unique,0,,,0,,,306,275.4,336.6
Agares,Shoes,,Warrior,Warrior,Legendary,0,,,0,,,545,490.5,599.5
Agares,Shoes,,Warrior,Warrior,Mythic,0,,,0,,,986,887.4,"1,084.60"
Eclectic,Shoes,,Warrior,Warrior,Normal,0,,,0,,,16,14.4,17.6
Eclectic,Shoes,,Warrior,Warrior,Rare,0,,,0,,,58,52.2,63.8
Eclectic,Shoes,,Warrior,Warrior,Epic,0,,,0,,,153,137.7,168.3
Eclectic,Shoes,,Warrior,Warrior,Unique,0,,,0,,,306,275.4,336.6
Eclectic,Shoes,,Warrior,Warrior,Legendary,0,,,0,,,545,490.5,599.5
Eclectic,Shoes,,Warrior,Warrior,Mythic,0,,,0,,,986,887.4,"1,084.60"
Muspell,Shoes,,Warrior,Warrior,Normal,0,,,0,,,16,14.4,17.6
Muspell,Shoes,,Warrior,Warrior,Rare,0,,,0,,,58,52.2,63.8
Muspell,Shoes,,Warrior,Warrior,Epic,0,,,0,,,153,137.7,168.3
Muspell,Shoes,,Warrior,Warrior,Unique,0,,,0,,,306,275.4,336.6
Muspell,Shoes,,Warrior,Warrior,Legendary,0,,,0,,,545,490.5,599.5
Muspell,Shoes,,Warrior,Warrior,Mythic,0,,,0,,,986,887.4,"1,084.60"
Pensalir,Shoes,,Warrior,Warrior,Normal,0,,,0,,,16,14.4,17.6
Pensalir,Shoes,,Warrior,Warrior,Rare,0,,,0,,,58,52.2,63.8
Pensalir,Shoes,,Warrior,Warrior,Epic,0,,,0,,,153,137.7,168.3
Pensalir,Shoes,,Warrior,Warrior,Unique,0,,,0,,,306,275.4,336.6
Pensalir,Shoes,,Warrior,Warrior,Legendary,0,,,0,,,545,490.5,599.5
Pensalir,Shoes,,Warrior,Warrior,Mythic,0,,,0,,,986,887.4,"1,084.60"
Agares,Outfit,,Warrior,Warrior,Normal,0,,,0,,,24,21.6,26.4
Agares,Outfit,,Warrior,Warrior,Rare,0,,,0,,,95,85.5,104.5
Agares,Outfit,,Warrior,Warrior,Epic,0,,,0,,,254,228.6,279.4
Agares,Outfit,,Warrior,Warrior,Unique,0,,,0,,,508,457.2,558.8
Agares,Outfit,,Warrior,Warrior,Legendary,0,,,0,,,907,816.3,997.7
Agares,Outfit,,Warrior,Warrior,Mythic,0,,,0,,,"1,643","1,478.70","1,807.30"
Eclectic,Outfit,,Warrior,Warrior,Normal,0,,,0,,,24,21.6,26.4
Eclectic,Outfit,,Warrior,Warrior,Rare,0,,,0,,,95,85.5,104.5
Eclectic,Outfit,,Warrior,Warrior,Epic,0,,,0,,,254,228.6,279.4
Eclectic,Outfit,,Warrior,Warrior,Unique,0,,,0,,,508,457.2,558.8
Eclectic,Outfit,,Warrior,Warrior,Legendary,0,,,0,,,907,816.3,997.7
Eclectic,Outfit,,Warrior,Warrior,Mythic,0,,,0,,,"1,643","1,478.70","1,807.30"
Muspell,Outfit,,Warrior,Warrior,Normal,0,,,0,,,24,21.6,26.4
Muspell,Outfit,,Warrior,Warrior,Rare,0,,,0,,,95,85.5,104.5
Muspell,Outfit,,Warrior,Warrior,Epic,0,,,0,,,254,228.6,279.4
Muspell,Outfit,,Warrior,Warrior,Unique,0,,,0,,,508,457.2,558.8
Muspell,Outfit,,Warrior,Warrior,Legendary,0,,,0,,,907,816.3,997.7
Muspell,Outfit,,Warrior,Warrior,Mythic,0,,,0,,,"1,643","1,478.70","1,807.30"
Pensalir,Outfit,,Warrior,Warrior,Normal,0,,,0,,,24,21.6,26.4
Pensalir,Outfit,,Warrior,Warrior,Rare,0,,,0,,,95,85.5,104.5
Pensalir,Outfit,,Warrior,Warrior,Epic,0,,,0,,,254,228.6,279.4
Pensalir,Outfit,,Warrior,Warrior,Unique,0,,,0,,,508,457.2,558.8
Pensalir,Outfit,,Warrior,Warrior,Legendary,0,,,0,,,907,816.3,997.7
Pensalir,Outfit,,Warrior,Warrior,Mythic,0,,,0,,,"1,643","1,478.70","1,807.30"
Agares,Hat,,Warrior,Warrior,Normal,0,,,0,,,11,9.9,12.1
Agares,Hat,,Warrior,Warrior,Rare,0,,,0,,,39,35.1,42.9
Agares,Hat,,Warrior,Warrior,Epic,0,,,0,,,103,92.7,113.3
Agares,Hat,,Warrior,Warrior,Unique,0,,,0,,,205,184.5,225.5
Agares,Hat,,Warrior,Warrior,Legendary,0,,,0,,,364,327.6,400.4
Agares,Hat,,Warrior,Warrior,Mythic,0,,,0,,,658,592.2,723.8
Eclectic,Hat,,Warrior,Warrior,Normal,0,,,0,,,11,9.9,12.1
Eclectic,Hat,,Warrior,Warrior,Rare,0,,,0,,,39,35.1,42.9
Eclectic,Hat,,Warrior,Warrior,Epic,0,,,0,,,103,92.7,113.3
Eclectic,Hat,,Warrior,Warrior,Unique,0,,,0,,,205,184.5,225.5
Eclectic,Hat,,Warrior,Warrior,Legendary,0,,,0,,,364,327.6,400.4
Eclectic,Hat,,Warrior,Warrior,Mythic,0,,,0,,,658,592.2,723.8
Muspell,Hat,,Warrior,Warrior,Normal,0,,,0,,,11,9.9,12.1
Muspell,Hat,,Warrior,Warrior,Rare,0,,,0,,,39,35.1,42.9
Muspell,Hat,,Warrior,Warrior,Epic,0,,,0,,,103,92.7,113.3
Muspell,Hat,,Warrior,Warrior,Unique,0,,,0,,,205,184.5,225.5
Muspell,Hat,,Warrior,Warrior,Legendary,0,,,0,,,364,327.6,400.4
Muspell,Hat,,Warrior,Warrior,Mythic,0,,,0,,,658,592.2,723.8
Pensalir,Hat,,Warrior,Warrior,Normal,0,,,0,,,11,9.9,12.1
Pensalir,Hat,,Warrior,Warrior,Rare,0,,,0,,,39,35.1,42.9
Pensalir,Hat,,Warrior,Warrior,Epic,0,,,0,,,103,92.7,113.3
Pensalir,Hat,,Warrior,Warrior,Unique,0,,,0,,,205,184.5,225.5
Pensalir,Hat,,Warrior,Warrior,Legendary,0,,,0,,,364,327.6,400.4
Pensalir,Hat,,Warrior,Warrior,Mythic,0,,,0,,,658,592.2,723.8
Agares,Gloves,,Warrior,Warrior,Normal,0,,,0,,,16,14.4,17.6
Agares,Gloves,,Warrior,Warrior,Rare,0,,,0,,,58,52.2,63.8
Agares,Gloves,,Warrior,Warrior,Epic,0,,,0,,,153,137.7,168.3
Agares,Gloves,,Warrior,Warrior,Unique,0,,,0,,,306,275.4,336.6
Agares,Gloves,,Warrior,Warrior,Legendary,0,,,0,,,545,490.5,599.5
Agares,Gloves,,Warrior,Warrior,Mythic,0,,,0,,,986,887.4,"1,084.60"
Eclectic,Gloves,,Warrior,Warrior,Normal,0,,,0,,,16,14.4,17.6
Eclectic,Gloves,,Warrior,Warrior,Rare,0,,,0,,,58,52.2,63.8
Eclectic,Gloves,,Warrior,Warrior,Epic,0,,,0,,,153,137.7,168.3
Eclectic,Gloves,,Warrior,Warrior,Unique,0,,,0,,,306,275.4,336.6
Eclectic,Gloves,,Warrior,Warrior,Legendary,0,,,0,,,545,490.5,599.5
Eclectic,Gloves,,Warrior,Warrior,Mythic,0,,,0,,,986,887.4,"1,084.60"
Muspell,Gloves,,Warrior,Warrior,Normal,0,,,0,,,16,14.4,17.6
Muspell,Gloves,,Warrior,Warrior,Rare,0,,,0,,,58,52.2,63.8
Muspell,Gloves,,Warrior,Warrior,Epic,0,,,0,,,153,137.7,168.3
Muspell,Gloves,,Warrior,Warrior,Unique,0,,,0,,,306,275.4,336.6
Muspell,Gloves,,Warrior,Warrior,Legendary,0,,,0,,,545,490.5,599.5
Muspell,Gloves,,Warrior,Warrior,Mythic,0,,,0,,,986,887.4,"1,084.60"
Pensalir,Gloves,,Warrior,Warrior,Normal,0,,,0,,,16,14.4,17.6
Pensalir,Gloves,,Warrior,Warrior,Rare,0,,,0,,,58,52.2,63.8
Pensalir,Gloves,,Warrior,Warrior,Epic,0,,,0,,,153,137.7,168.3
Pensalir,Gloves,,Warrior,Warrior,Unique,0,,,0,,,306,275.4,336.6
Pensalir,Gloves,,Warrior,Warrior,Legendary,0,,,0,,,545,490.5,599.5
Pensalir,Gloves,,Warrior,Warrior,Mythic,0,,,0,,,986,887.4,"1,084.60"
Briser,Claw,Weapon,Thief,Thief,Normal,26,23.4,28.6,0,,,0,,
Briser,Claw,Weapon,Thief,Thief,Rare,202,181.8,222.2,0,,,0,,
Briser,Claw,Weapon,Thief,Thief,Epic,593,533.7,652.3,0,,,0,,
Briser,Claw,Weapon,Thief,Thief,Unique,"1,198","1,078.20","1,317.80",0,,,0,,
Briser,Claw,Weapon,Thief,Thief,Legendary,"2,074","1,866.60","2,281.40",0,,,0,,
Briser,Claw,Weapon,Thief,Thief,Mythic,"3,445","3,100.50","3,789.50",0,,,0,,
Halphas,Claw,Weapon,Thief,Thief,Normal,26,23.4,28.6,0,,,0,,
Halphas,Claw,Weapon,Thief,Thief,Rare,202,181.8,222.2,0,,,0,,
Halphas,Claw,Weapon,Thief,Thief,Epic,593,533.7,652.3,0,,,0,,
Halphas,Claw,Weapon,Thief,Thief,Unique,"1,198","1,078.20","1,317.80",0,,,0,,
Halphas,Claw,Weapon,Thief,Thief,Legendary,"2,074","1,866.60","2,281.40",0,,,0,,
Halphas,Claw,Weapon,Thief,Thief,Mythic,"3,445","3,100.50","3,789.50",0,,,0,,
Jaihin,Claw,Weapon,Thief,Thief,Normal,26,23.4,28.6,0,,,0,,
Jaihin,Claw,Weapon,Thief,Thief,Rare,202,181.8,222.2,0,,,0,,
Jaihin,Claw,Weapon,Thief,Thief,Epic,593,533.7,652.3,0,,,0,,
Jaihin,Claw,Weapon,Thief,Thief,Unique,"1,198","1,078.20","1,317.80",0,,,0,,
Jaihin,Claw,Weapon,Thief,Thief,Legendary,"2,074","1,866.60","2,281.40",0,,,0,,
Jaihin,Claw,Weapon,Thief,Thief,Mythic,"3,445","3,100.50","3,789.50",0,,,0,,
Utgard,Claw,Weapon,Thief,Thief,Normal,26,23.4,28.6,0,,,0,,
Utgard,Claw,Weapon,Thief,Thief,Rare,202,181.8,222.2,0,,,0,,
Utgard,Claw,Weapon,Thief,Thief,Epic,593,533.7,652.3,0,,,0,,
Utgard,Claw,Weapon,Thief,Thief,Unique,"1,198","1,078.20","1,317.80",0,,,0,,
Utgard,Claw,Weapon,Thief,Thief,Legendary,"2,074","1,866.60","2,281.40",0,,,0,,
Utgard,Claw,Weapon,Thief,Thief,Mythic,"3,445","3,100.50","3,789.50",0,,,0,,
Eclectic,Shoes,,Thief,Thief,Normal,0,,,0,,,14,12.6,15.4
Eclectic,Shoes,,Thief,Thief,Rare,0,,,0,,,56,50.4,61.6
Eclectic,Shoes,,Thief,Thief,Epic,0,,,0,,,151,135.9,166.1
Eclectic,Shoes,,Thief,Thief,Unique,0,,,0,,,304,273.6,334.4
Eclectic,Shoes,,Thief,Thief,Legendary,0,,,0,,,543,488.7,597.3
Eclectic,Shoes,,Thief,Thief,Mythic,0,,,0,,,984,885.6,"1,082.40"
Halphas,Shoes,,Thief,Thief,Normal,0,,,0,,,14,12.6,15.4
Halphas,Shoes,,Thief,Thief,Rare,0,,,0,,,56,50.4,61.6
Halphas,Shoes,,Thief,Thief,Epic,0,,,0,,,151,135.9,166.1
Halphas,Shoes,,Thief,Thief,Unique,0,,,0,,,304,273.6,334.4
Halphas,Shoes,,Thief,Thief,Legendary,0,,,0,,,543,488.7,597.3
Halphas,Shoes,,Thief,Thief,Mythic,0,,,0,,,984,885.6,"1,082.40"
Muspell,Shoes,,Thief,Thief,Normal,0,,,0,,,14,12.6,15.4
Muspell,Shoes,,Thief,Thief,Rare,0,,,0,,,56,50.4,61.6
Muspell,Shoes,,Thief,Thief,Epic,0,,,0,,,151,135.9,166.1
Muspell,Shoes,,Thief,Thief,Unique,0,,,0,,,304,273.6,334.4
Muspell,Shoes,,Thief,Thief,Legendary,0,,,0,,,543,488.7,597.3
Muspell,Shoes,,Thief,Thief,Mythic,0,,,0,,,984,885.6,"1,082.40"
Pensalir,Shoes,,Thief,Thief,Normal,0,,,0,,,14,12.6,15.4
Pensalir,Shoes,,Thief,Thief,Rare,0,,,0,,,56,50.4,61.6
Pensalir,Shoes,,Thief,Thief,Epic,0,,,0,,,151,135.9,166.1
Pensalir,Shoes,,Thief,Thief,Unique,0,,,0,,,304,273.6,334.4
Pensalir,Shoes,,Thief,Thief,Legendary,0,,,0,,,543,488.7,597.3
Pensalir,Shoes,,Thief,Thief,Mythic,0,,,0,,,984,885.6,"1,082.40"
Eclectic,Outfit,,Thief,Thief,Normal,0,,,0,,,22,19.8,24.2
Eclectic,Outfit,,Thief,Thief,Rare,0,,,0,,,93,83.7,102.3
Eclectic,Outfit,,Thief,Thief,Epic,0,,,0,,,252,226.8,277.2
Eclectic,Outfit,,Thief,Thief,Unique,0,,,0,,,506,455.4,556.6
Eclectic,Outfit,,Thief,Thief,Legendary,0,,,0,,,905,814.5,995.5
Eclectic,Outfit,,Thief,Thief,Mythic,0,,,0,,,"1,640","1,476.00","1,804.00"
Halphas,Outfit,,Thief,Thief,Normal,0,,,0,,,22,19.8,24.2
Halphas,Outfit,,Thief,Thief,Rare,0,,,0,,,93,83.7,102.3
Halphas,Outfit,,Thief,Thief,Epic,0,,,0,,,252,226.8,277.2
Halphas,Outfit,,Thief,Thief,Unique,0,,,0,,,506,455.4,556.6
Halphas,Outfit,,Thief,Thief,Legendary,0,,,0,,,905,814.5,995.5
Halphas,Outfit,,Thief,Thief,Mythic,0,,,0,,,"1,640","1,476.00","1,804.00"
Muspell,Outfit,,Thief,Thief,Normal,0,,,0,,,22,19.8,24.2
Muspell,Outfit,,Thief,Thief,Rare,0,,,0,,,93,83.7,102.3
Muspell,Outfit,,Thief,Thief,Epic,0,,,0,,,252,226.8,277.2
Muspell,Outfit,,Thief,Thief,Unique,0,,,0,,,506,455.4,556.6
Muspell,Outfit,,Thief,Thief,Legendary,0,,,0,,,905,814.5,995.5
Muspell,Outfit,,Thief,Thief,Mythic,0,,,0,,,"1,640","1,476.00","1,804.00"
Pensalir,Outfit,,Thief,Thief,Normal,0,,,0,,,22,19.8,24.2
Pensalir,Outfit,,Thief,Thief,Rare,0,,,0,,,93,83.7,102.3
Pensalir,Outfit,,Thief,Thief,Epic,0,,,0,,,252,226.8,277.2
Pensalir,Outfit,,Thief,Thief,Unique,0,,,0,,,506,455.4,556.6
Pensalir,Outfit,,Thief,Thief,Legendary,0,,,0,,,905,814.5,995.5
Pensalir,Outfit,,Thief,Thief,Mythic,0,,,0,,,"1,640","1,476.00","1,804.00"
Eclectic,Hat,,Thief,Thief,Normal,0,,,0,,,9,8.1,9.9
Eclectic,Hat,,Thief,Thief,Rare,0,,,0,,,37,33.3,40.7
Eclectic,Hat,,Thief,Thief,Epic,0,,,0,,,101,90.9,111.1
Eclectic,Hat,,Thief,Thief,Unique,0,,,0,,,203,182.7,223.3
Eclectic,Hat,,Thief,Thief,Legendary,0,,,0,,,362,325.8,398.2
Eclectic,Hat,,Thief,Thief,Mythic,0,,,0,,,656,590.4,721.6
Halphas,Hat,,Thief,Thief,Normal,0,,,0,,,9,8.1,9.9
Halphas,Hat,,Thief,Thief,Rare,0,,,0,,,37,33.3,40.7
Halphas,Hat,,Thief,Thief,Epic,0,,,0,,,101,90.9,111.1
Halphas,Hat,,Thief,Thief,Unique,0,,,0,,,203,182.7,223.3
Halphas,Hat,,Thief,Thief,Legendary,0,,,0,,,362,325.8,398.2
Halphas,Hat,,Thief,Thief,Mythic,0,,,0,,,656,590.4,721.6
Muspell,Hat,,Thief,Thief,Normal,0,,,0,,,9,8.1,9.9
Muspell,Hat,,Thief,Thief,Rare,0,,,0,,,37,33.3,40.7
Muspell,Hat,,Thief,Thief,Epic,0,,,0,,,101,90.9,111.1
Muspell,Hat,,Thief,Thief,Unique,0,,,0,,,203,182.7,223.3
Muspell,Hat,,Thief,Thief,Legendary,0,,,0,,,362,325.8,398.2
Muspell,Hat,,Thief,Thief,Mythic,0,,,0,,,656,590.4,721.6
Pensalir,Hat,,Thief,Thief,Normal,0,,,0,,,9,8.1,9.9
Pensalir,Hat,,Thief,Thief,Rare,0,,,0,,,37,33.3,40.7
Pensalir,Hat,,Thief,Thief,Epic,0,,,0,,,101,90.9,111.1
Pensalir,Hat,,Thief,Thief,Unique,0,,,0,,,203,182.7,223.3
Pensalir,Hat,,Thief,Thief,Legendary,0,,,0,,,362,325.8,398.2
Pensalir,Hat,,Thief,Thief,Mythic,0,,,0,,,656,590.4,721.6
Eclectic,Gloves,,Thief,Thief,Normal,0,,,0,,,14,12.6,15.4
Eclectic,Gloves,,Thief,Thief,Rare,0,,,0,,,56,50.4,61.6
Eclectic,Gloves,,Thief,Thief,Epic,0,,,0,,,151,135.9,166.1
Eclectic,Gloves,,Thief,Thief,Unique,0,,,0,,,304,273.6,334.4
Eclectic,Gloves,,Thief,Thief,Legendary,0,,,0,,,543,488.7,597.3
Eclectic,Gloves,,Thief,Thief,Mythic,0,,,0,,,984,885.6,"1,082.40"
Halphas,Gloves,,Thief,Thief,Normal,0,,,0,,,14,12.6,15.4
Halphas,Gloves,,Thief,Thief,Rare,0,,,0,,,56,50.4,61.6
Halphas,Gloves,,Thief,Thief,Epic,0,,,0,,,151,135.9,166.1
Halphas,Gloves,,Thief,Thief,Unique,0,,,0,,,304,273.6,334.4
Halphas,Gloves,,Thief,Thief,Legendary,0,,,0,,,543,488.7,597.3
Halphas,Gloves,,Thief,Thief,Mythic,0,,,0,,,984,885.6,"1,082.40"
Muspell,Gloves,,Thief,Thief,Normal,0,,,0,,,14,12.6,15.4
Muspell,Gloves,,Thief,Thief,Rare,0,,,0,,,56,50.4,61.6
Muspell,Gloves,,Thief,Thief,Epic,0,,,0,,,151,135.9,166.1
Muspell,Gloves,,Thief,Thief,Unique,0,,,0,,,304,273.6,334.4
Muspell,Gloves,,Thief,Thief,Legendary,0,,,0,,,543,488.7,597.3
Muspell,Gloves,,Thief,Thief,Mythic,0,,,0,,,984,885.6,"1,082.40"
Pensalir,Gloves,,Thief,Thief,Normal,0,,,0,,,14,12.6,15.4
Pensalir,Gloves,,Thief,Thief,Rare,0,,,0,,,56,50.4,61.6
Pensalir,Gloves,,Thief,Thief,Epic,0,,,0,,,151,135.9,166.1
Pensalir,Gloves,,Thief,Thief,Unique,0,,,0,,,304,273.6,334.4
Pensalir,Gloves,,Thief,Thief,Legendary,0,,,0,,,543,488.7,597.3
Pensalir,Gloves,,Thief,Thief,Mythic,0,,,0,,,984,885.6,"1,082.40"
Briser,Gun,Weapon,Captain,Pirate,Normal,0,,,25,22.5,27.5,0,,
Briser,Gun,Weapon,Captain,Pirate,Rare,0,,,201,180.9,221.1,0,,
Briser,Gun,Weapon,Captain,Pirate,Epic,0,,,592,532.8,651.2,0,,
Briser,Gun,Weapon,Captain,Pirate,Unique,0,,,"1,197","1,077.30","1,316.70",0,,
Briser,Gun,Weapon,Captain,Pirate,Legendary,0,,,"2,073","1,865.70","2,280.30",0,,
Briser,Gun,Weapon,Captain,Pirate,Mythic,0,,,"3,444","3,099.60","3,788.40",0,,
Jaihin,Gun,Weapon,Captain,Pirate,Normal,0,,,25,22.5,27.5,0,,
Jaihin,Gun,Weapon,Captain,Pirate,Rare,0,,,201,180.9,221.1,0,,
Jaihin,Gun,Weapon,Captain,Pirate,Epic,0,,,592,532.8,651.2,0,,
Jaihin,Gun,Weapon,Captain,Pirate,Unique,0,,,"1,197","1,077.30","1,316.70",0,,
Jaihin,Gun,Weapon,Captain,Pirate,Legendary,0,,,"2,073","1,865.70","2,280.30",0,,
Jaihin,Gun,Weapon,Captain,Pirate,Mythic,0,,,"3,444","3,099.60","3,788.40",0,,
Utgard,Gun,Weapon,Captain,Pirate,Normal,0,,,25,22.5,27.5,0,,
Utgard,Gun,Weapon,Captain,Pirate,Rare,0,,,201,180.9,221.1,0,,
Utgard,Gun,Weapon,Captain,Pirate,Epic,0,,,592,532.8,651.2,0,,
Utgard,Gun,Weapon,Captain,Pirate,Unique,0,,,"1,197","1,077.30","1,316.70",0,,
Utgard,Gun,Weapon,Captain,Pirate,Legendary,0,,,"2,073","1,865.70","2,280.30",0,,
Utgard,Gun,Weapon,Captain,Pirate,Mythic,0,,,"3,444","3,099.60","3,788.40",0,,
Vepar,Gun,Weapon,Captain,Pirate,Normal,0,,,25,22.5,27.5,0,,
Vepar,Gun,Weapon,Captain,Pirate,Rare,0,,,201,180.9,221.1,0,,
Vepar,Gun,Weapon,Captain,Pirate,Epic,0,,,592,532.8,651.2,0,,
Vepar,Gun,Weapon,Captain,Pirate,Unique,0,,,"1,197","1,077.30","1,316.70",0,,
Vepar,Gun,Weapon,Captain,Pirate,Legendary,0,,,"2,073","1,865.70","2,280.30",0,,
Vepar,Gun,Weapon,Captain,Pirate,Mythic,0,,,"3,444","3,099.60","3,788.40",0,,
,Knuckler,Weapon,Striker,Pirate,Normal,25,22.5,27.5,0,,,0,,
,Knuckler,Weapon,Striker,Pirate,Rare,201,180.9,221.1,0,,,0,,
,Knuckler,Weapon,Striker,Pirate,Epic,592,532.8,651.2,0,,,0,,
,Knuckler,Weapon,Striker,Pirate,Unique,"1,197","1,077.30","1,316.70",0,,,0,,
,Knuckler,Weapon,Striker,Pirate,Legendary,"2,073","1,865.70","2,280.30",0,,,0,,
,Knuckler,Weapon,Striker,Pirate,Mythic,"3,444","3,099.60","3,788.40",0,,,0,,
Briser,Knuckler,Weapon,Striker,Pirate,Normal,25,22.5,27.5,0,,,0,,
Briser,Knuckler,Weapon,Striker,Pirate,Rare,201,180.9,221.1,0,,,0,,
Briser,Knuckler,Weapon,Striker,Pirate,Epic,592,532.8,651.2,0,,,0,,
Briser,Knuckler,Weapon,Striker,Pirate,Unique,"1,197","1,077.30","1,316.70",0,,,0,,
Briser,Knuckler,Weapon,Striker,Pirate,Legendary,"2,073","1,865.70","2,280.30",0,,,0,,
Briser,Knuckler,Weapon,Striker,Pirate,Mythic,"3,444","3,099.60","3,788.40",0,,,0,,
Jaihin,Knuckler,Weapon,Striker,Pirate,Normal,25,22.5,27.5,0,,,0,,
Jaihin,Knuckler,Weapon,Striker,Pirate,Rare,201,180.9,221.1,0,,,0,,
Jaihin,Knuckler,Weapon,Striker,Pirate,Epic,592,532.8,651.2,0,,,0,,
Jaihin,Knuckler,Weapon,Striker,Pirate,Unique,"1,197","1,077.30","1,316.70",0,,,0,,
Jaihin,Knuckler,Weapon,Striker,Pirate,Legendary,"2,073","1,865.70","2,280.30",0,,,0,,
Jaihin,Knuckler,Weapon,Striker,Pirate,Mythic,"3,444","3,099.60","3,788.40",0,,,0,,
Utgard,Knuckler,Weapon,Striker,Pirate,Normal,25,22.5,27.5,0,,,0,,
Utgard,Knuckler,Weapon,Striker,Pirate,Rare,201,180.9,221.1,0,,,0,,
Utgard,Knuckler,Weapon,Striker,Pirate,Epic,592,532.8,651.2,0,,,0,,
Utgard,Knuckler,Weapon,Striker,Pirate,Unique,"1,197","1,077.30","1,316.70",0,,,0,,
Utgard,Knuckler,Weapon,Striker,Pirate,Legendary,"2,073","1,865.70","2,280.30",0,,,0,,
Utgard,Knuckler,Weapon,Striker,Pirate,Mythic,"3,444","3,099.60","3,788.40",0,,,0,,
Eclectic,Shoes,,Pirate,Pirate,Normal,0,,,0,,,13,11.7,14.3
Eclectic,Shoes,,Pirate,Pirate,Rare,0,,,0,,,55,49.5,60.5
Eclectic,Shoes,,Pirate,Pirate,Epic,0,,,0,,,150,135,165
Eclectic,Shoes,,Pirate,Pirate,Unique,0,,,0,,,303,272.7,333.3
Eclectic,Shoes,,Pirate,Pirate,Legendary,0,,,0,,,542,487.8,596.2
Eclectic,Shoes,,Pirate,Pirate,Mythic,0,,,0,,,983,884.7,"1,081.30"
Muspell,Shoes,,Pirate,Pirate,Normal,0,,,0,,,13,11.7,14.3
Muspell,Shoes,,Pirate,Pirate,Rare,0,,,0,,,55,49.5,60.5
Muspell,Shoes,,Pirate,Pirate,Epic,0,,,0,,,150,135,165
Muspell,Shoes,,Pirate,Pirate,Unique,0,,,0,,,303,272.7,333.3
Muspell,Shoes,,Pirate,Pirate,Legendary,0,,,0,,,542,487.8,596.2
Muspell,Shoes,,Pirate,Pirate,Mythic,0,,,0,,,983,884.7,"1,081.30"
Pensalir,Shoes,,Pirate,Pirate,Normal,0,,,0,,,13,11.7,14.3
Pensalir,Shoes,,Pirate,Pirate,Rare,0,,,0,,,55,49.5,60.5
Pensalir,Shoes,,Pirate,Pirate,Epic,0,,,0,,,150,135,165
Pensalir,Shoes,,Pirate,Pirate,Unique,0,,,0,,,303,272.7,333.3
Pensalir,Shoes,,Pirate,Pirate,Legendary,0,,,0,,,542,487.8,596.2
Pensalir,Shoes,,Pirate,Pirate,Mythic,0,,,0,,,983,884.7,"1,081.30"
Vepar,Shoes,,Pirate,Pirate,Normal,0,,,0,,,13,11.7,14.3
Vepar,Shoes,,Pirate,Pirate,Rare,0,,,0,,,55,49.5,60.5
Vepar,Shoes,,Pirate,Pirate,Epic,0,,,0,,,150,135,165
Vepar,Shoes,,Pirate,Pirate,Unique,0,,,0,,,303,272.7,333.3
Vepar,Shoes,,Pirate,Pirate,Legendary,0,,,0,,,542,487.8,596.2
Vepar,Shoes,,Pirate,Pirate,Mythic,0,,,0,,,983,884.7,"1,081.30"
Eclectic,Outfit,,Pirate,Pirate,Normal,0,,,0,,,21,18.9,23.1
Eclectic,Outfit,,Pirate,Pirate,Rare,0,,,0,,,92,82.8,101.2
Eclectic,Outfit,,Pirate,Pirate,Epic,0,,,0,,,251,225.9,276.1
Eclectic,Outfit,,Pirate,Pirate,Unique,0,,,0,,,505,454.5,555.5
Eclectic,Outfit,,Pirate,Pirate,Legendary,0,,,0,,,904,813.6,994.4
Eclectic,Outfit,,Pirate,Pirate,Mythic,0,,,0,,,"1,639","1,475.10","1,802.90"
Muspell,Outfit,,Pirate,Pirate,Normal,0,,,0,,,21,18.9,23.1
Muspell,Outfit,,Pirate,Pirate,Rare,0,,,0,,,92,82.8,101.2
Muspell,Outfit,,Pirate,Pirate,Epic,0,,,0,,,251,225.9,276.1
Muspell,Outfit,,Pirate,Pirate,Unique,0,,,0,,,505,454.5,555.5
Muspell,Outfit,,Pirate,Pirate,Legendary,0,,,0,,,904,813.6,994.4
Muspell,Outfit,,Pirate,Pirate,Mythic,0,,,0,,,"1,639","1,475.10","1,802.90"
Pensalir,Outfit,,Pirate,Pirate,Normal,0,,,0,,,21,18.9,23.1
Pensalir,Outfit,,Pirate,Pirate,Rare,0,,,0,,,92,82.8,101.2
Pensalir,Outfit,,Pirate,Pirate,Epic,0,,,0,,,251,225.9,276.1
Pensalir,Outfit,,Pirate,Pirate,Unique,0,,,0,,,505,454.5,555.5
Pensalir,Outfit,,Pirate,Pirate,Legendary,0,,,0,,,904,813.6,994.4
Pensalir,Outfit,,Pirate,Pirate,Mythic,0,,,0,,,"1,639","1,475.10","1,802.90"
Vepar,Outfit,,Pirate,Pirate,Normal,0,,,0,,,21,18.9,23.1
Vepar,Outfit,,Pirate,Pirate,Rare,0,,,0,,,92,82.8,101.2
Vepar,Outfit,,Pirate,Pirate,Epic,0,,,0,,,251,225.9,276.1
Vepar,Outfit,,Pirate,Pirate,Unique,0,,,0,,,505,454.5,555.5
Vepar,Outfit,,Pirate,Pirate,Legendary,0,,,0,,,904,813.6,994.4
Vepar,Outfit,,Pirate,Pirate,Mythic,0,,,0,,,"1,639","1,475.10","1,802.90"
Eclectic,Hat,,Pirate,Pirate,Normal,0,,,0,,,8,7.2,8.8
Eclectic,Hat,,Pirate,Pirate,Rare,0,,,0,,,36,32.4,39.6
Eclectic,Hat,,Pirate,Pirate,Epic,0,,,0,,,100,90,110
Eclectic,Hat,,Pirate,Pirate,Unique,0,,,0,,,202,181.8,222.2
Eclectic,Hat,,Pirate,Pirate,Legendary,0,,,0,,,361,324.9,397.1
Eclectic,Hat,,Pirate,Pirate,Mythic,0,,,0,,,655,589.5,720.5
Muspell,Hat,,Pirate,Pirate,Normal,0,,,0,,,8,7.2,8.8
Muspell,Hat,,Pirate,Pirate,Rare,0,,,0,,,36,32.4,39.6
Muspell,Hat,,Pirate,Pirate,Epic,0,,,0,,,100,90,110
Muspell,Hat,,Pirate,Pirate,Unique,0,,,0,,,202,181.8,222.2
Muspell,Hat,,Pirate,Pirate,Legendary,0,,,0,,,361,324.9,397.1
Muspell,Hat,,Pirate,Pirate,Mythic,0,,,0,,,655,589.5,720.5
Pensalir,Hat,,Pirate,Pirate,Normal,0,,,0,,,8,7.2,8.8
Pensalir,Hat,,Pirate,Pirate,Rare,0,,,0,,,36,32.4,39.6
Pensalir,Hat,,Pirate,Pirate,Epic,0,,,0,,,100,90,110
Pensalir,Hat,,Pirate,Pirate,Unique,0,,,0,,,202,181.8,222.2
Pensalir,Hat,,Pirate,Pirate,Legendary,0,,,0,,,361,324.9,397.1
Pensalir,Hat,,Pirate,Pirate,Mythic,0,,,0,,,655,589.5,720.5
Vepar,Hat,,Pirate,Pirate,Normal,0,,,0,,,8,7.2,8.8
Vepar,Hat,,Pirate,Pirate,Rare,0,,,0,,,36,32.4,39.6
Vepar,Hat,,Pirate,Pirate,Epic,0,,,0,,,100,90,110
Vepar,Hat,,Pirate,Pirate,Unique,0,,,0,,,202,181.8,222.2
Vepar,Hat,,Pirate,Pirate,Legendary,0,,,0,,,361,324.9,397.1
Vepar,Hat,,Pirate,Pirate,Mythic,0,,,0,,,655,589.5,720.5
Eclectic,Gloves,,Pirate,Pirate,Normal,0,,,0,,,13,11.7,14.3
Eclectic,Gloves,,Pirate,Pirate,Rare,0,,,0,,,55,49.5,60.5
Eclectic,Gloves,,Pirate,Pirate,Epic,0,,,0,,,150,135,165
Eclectic,Gloves,,Pirate,Pirate,Unique,0,,,0,,,303,272.7,333.3
Eclectic,Gloves,,Pirate,Pirate,Legendary,0,,,0,,,542,487.8,596.2
Eclectic,Gloves,,Pirate,Pirate,Mythic,0,,,0,,,983,884.7,"1,081.30"
Muspell,Gloves,,Pirate,Pirate,Normal,0,,,0,,,13,11.7,14.3
Muspell,Gloves,,Pirate,Pirate,Rare,0,,,0,,,55,49.5,60.5
Muspell,Gloves,,Pirate,Pirate,Epic,0,,,0,,,150,135,165
Muspell,Gloves,,Pirate,Pirate,Unique,0,,,0,,,303,272.7,333.3
Muspell,Gloves,,Pirate,Pirate,Legendary,0,,,0,,,542,487.8,596.2
Muspell,Gloves,,Pirate,Pirate,Mythic,0,,,0,,,983,884.7,"1,081.30"
Pensalir,Gloves,,Pirate,Pirate,Normal,0,,,0,,,13,11.7,14.3
Pensalir,Gloves,,Pirate,Pirate,Rare,0,,,0,,,55,49.5,60.5
Pensalir,Gloves,,Pirate,Pirate,Epic,0,,,0,,,150,135,165
Pensalir,Gloves,,Pirate,Pirate,Unique,0,,,0,,,303,272.7,333.3
Pensalir,Gloves,,Pirate,Pirate,Legendary,0,,,0,,,542,487.8,596.2
Pensalir,Gloves,,Pirate,Pirate,Mythic,0,,,0,,,983,884.7,"1,081.30"
Vepar,Gloves,,Pirate,Pirate,Normal,0,,,0,,,13,11.7,14.3
Vepar,Gloves,,Pirate,Pirate,Rare,0,,,0,,,55,49.5,60.5
Vepar,Gloves,,Pirate,Pirate,Epic,0,,,0,,,150,135,165
Vepar,Gloves,,Pirate,Pirate,Unique,0,,,0,,,303,272.7,333.3
Vepar,Gloves,,Pirate,Pirate,Legendary,0,,,0,,,542,487.8,596.2
Vepar,Gloves,,Pirate,Pirate,Mythic,0,,,0,,,983,884.7,"1,081.30"
,Staff,Weapon,FlameWizard,Mage,Normal,0,,,25,22.5,27.5,0,,
,Staff,Weapon,FlameWizard,Mage,Rare,0,,,201,180.9,221.1,0,,
,Staff,Weapon,FlameWizard,Mage,Epic,0,,,592,532.8,651.2,0,,
,Staff,Weapon,FlameWizard,Mage,Unique,0,,,"1,197","1,077.30","1,316.70",0,,
,Staff,Weapon,FlameWizard,Mage,Legendary,0,,,"2,073","1,865.70","2,280.30",0,,
,Staff,Weapon,FlameWizard,Mage,Mythic,0,,,"3,444","3,099.60","3,788.40",0,,
Briser,Staff,Weapon,FlameWizard,Mage,Normal,0,,,25,22.5,27.5,0,,
Briser,Staff,Weapon,FlameWizard,Mage,Rare,0,,,201,180.9,221.1,0,,
Briser,Staff,Weapon,FlameWizard,Mage,Epic,0,,,592,532.8,651.2,0,,
Briser,Staff,Weapon,FlameWizard,Mage,Unique,0,,,"1,197","1,077.30","1,316.70",0,,
Briser,Staff,Weapon,FlameWizard,Mage,Legendary,0,,,"2,073","1,865.70","2,280.30",0,,
Briser,Staff,Weapon,FlameWizard,Mage,Mythic,0,,,"3,444","3,099.60","3,788.40",0,,
Jaihin,Staff,Weapon,FlameWizard,Mage,Normal,0,,,25,22.5,27.5,0,,
Jaihin,Staff,Weapon,FlameWizard,Mage,Rare,0,,,201,180.9,221.1,0,,
Jaihin,Staff,Weapon,FlameWizard,Mage,Epic,0,,,592,532.8,651.2,0,,
Jaihin,Staff,Weapon,FlameWizard,Mage,Unique,0,,,"1,197","1,077.30","1,316.70",0,,
Jaihin,Staff,Weapon,FlameWizard,Mage,Legendary,0,,,"2,073","1,865.70","2,280.30",0,,
Jaihin,Staff,Weapon,FlameWizard,Mage,Mythic,0,,,"3,444","3,099.60","3,788.40",0,,
Utgard,Staff,Weapon,FlameWizard,Mage,Normal,0,,,25,22.5,27.5,0,,
Utgard,Staff,Weapon,FlameWizard,Mage,Rare,0,,,201,180.9,221.1,0,,
Utgard,Staff,Weapon,FlameWizard,Mage,Epic,0,,,592,532.8,651.2,0,,
Utgard,Staff,Weapon,FlameWizard,Mage,Unique,0,,,"1,197","1,077.30","1,316.70",0,,
Utgard,Staff,Weapon,FlameWizard,Mage,Legendary,0,,,"2,073","1,865.70","2,280.30",0,,
Utgard,Staff,Weapon,FlameWizard,Mage,Mythic,0,,,"3,444","3,099.60","3,788.40",0,,
Briser,Wand,Weapon,Bishop,Mage,Normal,0,,,27,24.3,29.7,0,,
Briser,Wand,Weapon,Bishop,Mage,Rare,0,,,203,182.7,223.3,0,,
Briser,Wand,Weapon,Bishop,Mage,Epic,0,,,594,534.6,653.4,0,,
Briser,Wand,Weapon,Bishop,Mage,Unique,0,,,"1,199","1,079.10","1,318.90",0,,
Briser,Wand,Weapon,Bishop,Mage,Legendary,0,,,"2,075","1,867.50","2,282.50",0,,
Briser,Wand,Weapon,Bishop,Mage,Mythic,0,,,"3,447","3,102.30","3,791.70",0,,
Eligos,Wand,Weapon,Bishop,Mage,Normal,0,,,27,24.3,29.7,0,,
Eligos,Wand,Weapon,Bishop,Mage,Rare,0,,,203,182.7,223.3,0,,
Eligos,Wand,Weapon,Bishop,Mage,Epic,0,,,594,534.6,653.4,0,,
Eligos,Wand,Weapon,Bishop,Mage,Unique,0,,,"1,199","1,079.10","1,318.90",0,,
Eligos,Wand,Weapon,Bishop,Mage,Legendary,0,,,"2,075","1,867.50","2,282.50",0,,
Eligos,Wand,Weapon,Bishop,Mage,Mythic,0,,,"3,447","3,102.30","3,791.70",0,,
Jaihin,Wand,Weapon,Bishop,Mage,Normal,0,,,27,24.3,29.7,0,,
Jaihin,Wand,Weapon,Bishop,Mage,Rare,0,,,203,182.7,223.3,0,,
Jaihin,Wand,Weapon,Bishop,Mage,Epic,0,,,594,534.6,653.4,0,,
Jaihin,Wand,Weapon,Bishop,Mage,Unique,0,,,"1,199","1,079.10","1,318.90",0,,
Jaihin,Wand,Weapon,Bishop,Mage,Legendary,0,,,"2,075","1,867.50","2,282.50",0,,
Jaihin,Wand,Weapon,Bishop,Mage,Mythic,0,,,"3,447","3,102.30","3,791.70",0,,
Utgard,Wand,Weapon,Bishop,Mage,Normal,0,,,27,24.3,29.7,0,,
Utgard,Wand,Weapon,Bishop,Mage,Rare,0,,,203,182.7,223.3,0,,
Utgard,Wand,Weapon,Bishop,Mage,Epic,0,,,594,534.6,653.4,0,,
Utgard,Wand,Weapon,Bishop,Mage,Unique,0,,,"1,199","1,079.10","1,318.90",0,,
Utgard,Wand,Weapon,Bishop,Mage,Legendary,0,,,"2,075","1,867.50","2,282.50",0,,
Utgard,Wand,Weapon,Bishop,Mage,Mythic,0,,,"3,447","3,102.30","3,791.70",0,,
Eclectic,Shoes,,Mage,Mage,Normal,0,,,0,,,11,9.9,12.1
Eclectic,Shoes,,Mage,Mage,Rare,0,,,0,,,53,47.7,58.3
Eclectic,Shoes,,Mage,Mage,Epic,0,,,0,,,148,133.2,162.8
Eclectic,Shoes,,Mage,Mage,Unique,0,,,0,,,301,270.9,331.1
Eclectic,Shoes,,Mage,Mage,Legendary,0,,,0,,,540,486,594
Eclectic,Shoes,,Mage,Mage,Mythic,0,,,0,,,981,882.9,"1,079.10"
Eligos,Shoes,,Mage,Mage,Normal,0,,,0,,,11,9.9,12.1
Eligos,Shoes,,Mage,Mage,Rare,0,,,0,,,53,47.7,58.3
Eligos,Shoes,,Mage,Mage,Epic,0,,,0,,,148,133.2,162.8
Eligos,Shoes,,Mage,Mage,Unique,0,,,0,,,301,270.9,331.1
Eligos,Shoes,,Mage,Mage,Legendary,0,,,0,,,540,486,594
Eligos,Shoes,,Mage,Mage,Mythic,0,,,0,,,981,882.9,"1,079.10"
Muspell,Shoes,,Mage,Mage,Normal,0,,,0,,,11,9.9,12.1
Muspell,Shoes,,Mage,Mage,Rare,0,,,0,,,53,47.7,58.3
Muspell,Shoes,,Mage,Mage,Epic,0,,,0,,,148,133.2,162.8
Muspell,Shoes,,Mage,Mage,Unique,0,,,0,,,301,270.9,331.1
Muspell,Shoes,,Mage,Mage,Legendary,0,,,0,,,540,486,594
Muspell,Shoes,,Mage,Mage,Mythic,0,,,0,,,981,882.9,"1,079.10"
Pensalir,Shoes,,Mage,Mage,Normal,0,,,0,,,11,9.9,12.1
Pensalir,Shoes,,Mage,Mage,Rare,0,,,0,,,53,47.7,58.3
Pensalir,Shoes,,Mage,Mage,Epic,0,,,0,,,148,133.2,162.8
Pensalir,Shoes,,Mage,Mage,Unique,0,,,0,,,301,270.9,331.1
Pensalir,Shoes,,Mage,Mage,Legendary,0,,,0,,,540,486,594
Pensalir,Shoes,,Mage,Mage,Mythic,0,,,0,,,981,882.9,"1,079.10"
Eclectic,Outfit,,Mage,Mage,Normal,0,,,0,,,19,17.1,20.9
Eclectic,Outfit,,Mage,Mage,Rare,0,,,0,,,90,81,99
Eclectic,Outfit,,Mage,Mage,Epic,0,,,0,,,249,224.1,273.9
Eclectic,Outfit,,Mage,Mage,Unique,0,,,0,,,503,452.7,553.3
Eclectic,Outfit,,Mage,Mage,Legendary,0,,,0,,,902,811.8,992.2
Eclectic,Outfit,,Mage,Mage,Mythic,0,,,0,,,"1,637","1,473.30","1,800.70"
Eligos,Outfit,,Mage,Mage,Normal,0,,,0,,,19,17.1,20.9
Eligos,Outfit,,Mage,Mage,Rare,0,,,0,,,90,81,99
Eligos,Outfit,,Mage,Mage,Epic,0,,,0,,,249,224.1,273.9
Eligos,Outfit,,Mage,Mage,Unique,0,,,0,,,503,452.7,553.3
Eligos,Outfit,,Mage,Mage,Legendary,0,,,0,,,902,811.8,992.2
Eligos,Outfit,,Mage,Mage,Mythic,0,,,0,,,"1,637","1,473.30","1,800.70"
Muspell,Outfit,,Mage,Mage,Normal,0,,,0,,,19,17.1,20.9
Muspell,Outfit,,Mage,Mage,Rare,0,,,0,,,90,81,99
Muspell,Outfit,,Mage,Mage,Epic,0,,,0,,,249,224.1,273.9
Muspell,Outfit,,Mage,Mage,Unique,0,,,0,,,503,452.7,553.3
Muspell,Outfit,,Mage,Mage,Legendary,0,,,0,,,902,811.8,992.2
Muspell,Outfit,,Mage,Mage,Mythic,0,,,0,,,"1,637","1,473.30","1,800.70"
Pensalir,Outfit,,Mage,Mage,Normal,0,,,0,,,19,17.1,20.9
Pensalir,Outfit,,Mage,Mage,Rare,0,,,0,,,90,81,99
Pensalir,Outfit,,Mage,Mage,Epic,0,,,0,,,249,224.1,273.9
Pensalir,Outfit,,Mage,Mage,Unique,0,,,0,,,503,452.7,553.3
Pensalir,Outfit,,Mage,Mage,Legendary,0,,,0,,,902,811.8,992.2
Pensalir,Outfit,,Mage,Mage,Mythic,0,,,0,,,"1,637","1,473.30","1,800.70"
Eclectic,Hat,,Mage,Mage,Normal,0,,,0,,,6,5.4,6.6
Eclectic,Hat,,Mage,Mage,Rare,0,,,0,,,34,30.6,37.4
Eclectic,Hat,,Mage,Mage,Epic,0,,,0,,,98,88.2,107.8
Eclectic,Hat,,Mage,Mage,Unique,0,,,0,,,200,180,220
Eclectic,Hat,,Mage,Mage,Legendary,0,,,0,,,359,323.1,394.9
Eclectic,Hat,,Mage,Mage,Mythic,0,,,0,,,653,587.7,718.3
Eligos,Hat,,Mage,Mage,Normal,0,,,0,,,6,5.4,6.6
Eligos,Hat,,Mage,Mage,Rare,0,,,0,,,34,30.6,37.4
Eligos,Hat,,Mage,Mage,Epic,0,,,0,,,98,88.2,107.8
Eligos,Hat,,Mage,Mage,Unique,0,,,0,,,200,180,220
Eligos,Hat,,Mage,Mage,Legendary,0,,,0,,,359,323.1,394.9
Eligos,Hat,,Mage,Mage,Mythic,0,,,0,,,653,587.7,718.3
Muspell,Hat,,Mage,Mage,Normal,0,,,0,,,6,5.4,6.6
Muspell,Hat,,Mage,Mage,Rare,0,,,0,,,34,30.6,37.4
Muspell,Hat,,Mage,Mage,Epic,0,,,0,,,98,88.2,107.8
Muspell,Hat,,Mage,Mage,Unique,0,,,0,,,200,180,220
Muspell,Hat,,Mage,Mage,Legendary,0,,,0,,,359,323.1,394.9
Muspell,Hat,,Mage,Mage,Mythic,0,,,0,,,653,587.7,718.3
Pensalir,Hat,,Mage,Mage,Normal,0,,,0,,,6,5.4,6.6
Pensalir,Hat,,Mage,Mage,Rare,0,,,0,,,34,30.6,37.4
Pensalir,Hat,,Mage,Mage,Epic,0,,,0,,,98,88.2,107.8
Pensalir,Hat,,Mage,Mage,Unique,0,,,0,,,200,180,220
Pensalir,Hat,,Mage,Mage,Legendary,0,,,0,,,359,323.1,394.9
Pensalir,Hat,,Mage,Mage,Mythic,0,,,0,,,653,587.7,718.3
Eclectic,Gloves,,Mage,Mage,Normal,0,,,0,,,11,9.9,12.1
Eclectic,Gloves,,Mage,Mage,Rare,0,,,0,,,53,47.7,58.3
Eclectic,Gloves,,Mage,Mage,Epic,0,,,0,,,148,133.2,162.8
Eclectic,Gloves,,Mage,Mage,Unique,0,,,0,,,301,270.9,331.1
Eclectic,Gloves,,Mage,Mage,Legendary,0,,,0,,,540,486,594
Eclectic,Gloves,,Mage,Mage,Mythic,0,,,0,,,981,882.9,"1,079.10"
Eligos,Gloves,,Mage,Mage,Normal,0,,,0,,,11,9.9,12.1
Eligos,Gloves,,Mage,Mage,Rare,0,,,0,,,53,47.7,58.3
Eligos,Gloves,,Mage,Mage,Epic,0,,,0,,,148,133.2,162.8
Eligos,Gloves,,Mage,Mage,Unique,0,,,0,,,301,270.9,331.1
Eligos,Gloves,,Mage,Mage,Legendary,0,,,0,,,540,486,594
Eligos,Gloves,,Mage,Mage,Mythic,0,,,0,,,981,882.9,"1,079.10"
Muspell,Gloves,,Mage,Mage,Normal,0,,,0,,,11,9.9,12.1
Muspell,Gloves,,Mage,Mage,Rare,0,,,0,,,53,47.7,58.3
Muspell,Gloves,,Mage,Mage,Epic,0,,,0,,,148,133.2,162.8
Muspell,Gloves,,Mage,Mage,Unique,0,,,0,,,301,270.9,331.1
Muspell,Gloves,,Mage,Mage,Legendary,0,,,0,,,540,486,594
Muspell,Gloves,,Mage,Mage,Mythic,0,,,0,,,981,882.9,"1,079.10"
Pensalir,Gloves,,Mage,Mage,Normal,0,,,0,,,11,9.9,12.1
Pensalir,Gloves,,Mage,Mage,Rare,0,,,0,,,53,47.7,58.3
Pensalir,Gloves,,Mage,Mage,Epic,0,,,0,,,148,133.2,162.8
Pensalir,Gloves,,Mage,Mage,Unique,0,,,0,,,301,270.9,331.1
Pensalir,Gloves,,Mage,Mage,Legendary,0,,,0,,,540,486,594
Pensalir,Gloves,,Mage,Mage,Mythic,0,,,0,,,981,882.9,"1,079.10"
Briser,Bow,Weapon,Bowman,Bowman,Normal,25,22.5,27.5,0,,,0,,
Briser,Bow,Weapon,Bowman,Bowman,Rare,201,180.9,221.1,0,,,0,,
Briser,Bow,Weapon,Bowman,Bowman,Epic,592,532.8,651.2,0,,,0,,
Briser,Bow,Weapon,Bowman,Bowman,Unique,"1,197","1,077.30","1,316.70",0,,,0,,
Briser,Bow,Weapon,Bowman,Bowman,Legendary,"2,073","1,865.70","2,280.30",0,,,0,,
Briser,Bow,Weapon,Bowman,Bowman,Mythic,"3,444","3,099.60","3,788.40",0,,,0,,
Ipos,Bow,Weapon,Bowman,Bowman,Normal,25,22.5,27.5,0,,,0,,
Ipos,Bow,Weapon,Bowman,Bowman,Rare,201,180.9,221.1,0,,,0,,
Ipos,Bow,Weapon,Bowman,Bowman,Epic,592,532.8,651.2,0,,,0,,
Ipos,Bow,Weapon,Bowman,Bowman,Unique,"1,197","1,077.30","1,316.70",0,,,0,,
Ipos,Bow,Weapon,Bowman,Bowman,Legendary,"2,073","1,865.70","2,280.30",0,,,0,,
Ipos,Bow,Weapon,Bowman,Bowman,Mythic,"3,444","3,099.60","3,788.40",0,,,0,,
Jaihin,Bow,Weapon,Bowman,Bowman,Normal,25,22.5,27.5,0,,,0,,
Jaihin,Bow,Weapon,Bowman,Bowman,Rare,201,180.9,221.1,0,,,0,,
Jaihin,Bow,Weapon,Bowman,Bowman,Epic,592,532.8,651.2,0,,,0,,
Jaihin,Bow,Weapon,Bowman,Bowman,Unique,"1,197","1,077.30","1,316.70",0,,,0,,
Jaihin,Bow,Weapon,Bowman,Bowman,Legendary,"2,073","1,865.70","2,280.30",0,,,0,,
Jaihin,Bow,Weapon,Bowman,Bowman,Mythic,"3,444","3,099.60","3,788.40",0,,,0,,
Utgard,Bow,Weapon,Bowman,Bowman,Normal,25,22.5,27.5,0,,,0,,
Utgard,Bow,Weapon,Bowman,Bowman,Rare,201,180.9,221.1,0,,,0,,
Utgard,Bow,Weapon,Bowman,Bowman,Epic,592,532.8,651.2,0,,,0,,
Utgard,Bow,Weapon,Bowman,Bowman,Unique,"1,197","1,077.30","1,316.70",0,,,0,,
Utgard,Bow,Weapon,Bowman,Bowman,Legendary,"2,073","1,865.70","2,280.30",0,,,0,,
Utgard,Bow,Weapon,Bowman,Bowman,Mythic,"3,444","3,099.60","3,788.40",0,,,0,,
,Dualbowgun,Weapon,Mercedes,Bowman,Normal,25,22.5,27.5,0,,,0,,
,Dualbowgun,Weapon,Mercedes,Bowman,Rare,201,180.9,221.1,0,,,0,,
,Dualbowgun,Weapon,Mercedes,Bowman,Epic,592,532.8,651.2,0,,,0,,
,Dualbowgun,Weapon,Mercedes,Bowman,Unique,"1,197","1,077.30","1,316.70",0,,,0,,
,Dualbowgun,Weapon,Mercedes,Bowman,Legendary,"2,073","1,865.70","2,280.30",0,,,0,,
,Dualbowgun,Weapon,Mercedes,Bowman,Mythic,"3,444","3,099.60","3,788.40",0,,,0,,
Briser,Dualbowgun,Weapon,Mercedes,Bowman,Normal,25,22.5,27.5,0,,,0,,
Briser,Dualbowgun,Weapon,Mercedes,Bowman,Rare,201,180.9,221.1,0,,,0,,
Briser,Dualbowgun,Weapon,Mercedes,Bowman,Epic,592,532.8,651.2,0,,,0,,
Briser,Dualbowgun,Weapon,Mercedes,Bowman,Unique,"1,197","1,077.30","1,316.70",0,,,0,,
Briser,Dualbowgun,Weapon,Mercedes,Bowman,Legendary,"2,073","1,865.70","2,280.30",0,,,0,,
Briser,Dualbowgun,Weapon,Mercedes,Bowman,Mythic,"3,444","3,099.60","3,788.40",0,,,0,,
Jaihin,Dualbowgun,Weapon,Mercedes,Bowman,Normal,25,22.5,27.5,0,,,0,,
Jaihin,Dualbowgun,Weapon,Mercedes,Bowman,Rare,201,180.9,221.1,0,,,0,,
Jaihin,Dualbowgun,Weapon,Mercedes,Bowman,Epic,592,532.8,651.2,0,,,0,,
Jaihin,Dualbowgun,Weapon,Mercedes,Bowman,Unique,"1,197","1,077.30","1,316.70",0,,,0,,
Jaihin,Dualbowgun,Weapon,Mercedes,Bowman,Legendary,"2,073","1,865.70","2,280.30",0,,,0,,
Jaihin,Dualbowgun,Weapon,Mercedes,Bowman,Mythic,"3,444","3,099.60","3,788.40",0,,,0,,
Utgard,Dualbowgun,Weapon,Mercedes,Bowman,Normal,25,22.5,27.5,0,,,0,,
Utgard,Dualbowgun,Weapon,Mercedes,Bowman,Rare,201,180.9,221.1,0,,,0,,
Utgard,Dualbowgun,Weapon,Mercedes,Bowman,Epic,592,532.8,651.2,0,,,0,,
Utgard,Dualbowgun,Weapon,Mercedes,Bowman,Unique,"1,197","1,077.30","1,316.70",0,,,0,,
Utgard,Dualbowgun,Weapon,Mercedes,Bowman,Legendary,"2,073","1,865.70","2,280.30",0,,,0,,
Utgard,Dualbowgun,Weapon,Mercedes,Bowman,Mythic,"3,444","3,099.60","3,788.40",0,,,0,,
Eclectic,Shoes,,Bowman,Bowman,Normal,0,,,0,,,11,9.9,12.1
Eclectic,Shoes,,Bowman,Bowman,Rare,0,,,0,,,53,47.7,58.3
Eclectic,Shoes,,Bowman,Bowman,Epic,0,,,0,,,148,133.2,162.8
Eclectic,Shoes,,Bowman,Bowman,Unique,0,,,0,,,301,270.9,331.1
Eclectic,Shoes,,Bowman,Bowman,Legendary,0,,,0,,,540,486,594
Eclectic,Shoes,,Bowman,Bowman,Mythic,0,,,0,,,981,882.9,"1,079.10"
Ipos,Shoes,,Bowman,Bowman,Normal,0,,,0,,,11,9.9,12.1
Ipos,Shoes,,Bowman,Bowman,Rare,0,,,0,,,53,47.7,58.3
Ipos,Shoes,,Bowman,Bowman,Epic,0,,,0,,,148,133.2,162.8
Ipos,Shoes,,Bowman,Bowman,Unique,0,,,0,,,301,270.9,331.1
Ipos,Shoes,,Bowman,Bowman,Legendary,0,,,0,,,540,486,594
Ipos,Shoes,,Bowman,Bowman,Mythic,0,,,0,,,981,882.9,"1,079.10"
Muspell,Shoes,,Bowman,Bowman,Normal,0,,,0,,,11,9.9,12.1
Muspell,Shoes,,Bowman,Bowman,Rare,0,,,0,,,53,47.7,58.3
Muspell,Shoes,,Bowman,Bowman,Epic,0,,,0,,,148,133.2,162.8
Muspell,Shoes,,Bowman,Bowman,Unique,0,,,0,,,301,270.9,331.1
Muspell,Shoes,,Bowman,Bowman,Legendary,0,,,0,,,540,486,594
Muspell,Shoes,,Bowman,Bowman,Mythic,0,,,0,,,981,882.9,"1,079.10"
Pensalir,Shoes,,Bowman,Bowman,Normal,0,,,0,,,11,9.9,12.1
Pensalir,Shoes,,Bowman,Bowman,Rare,0,,,0,,,53,47.7,58.3
Pensalir,Shoes,,Bowman,Bowman,Epic,0,,,0,,,148,133.2,162.8
Pensalir,Shoes,,Bowman,Bowman,Unique,0,,,0,,,301,270.9,331.1
Pensalir,Shoes,,Bowman,Bowman,Legendary,0,,,0,,,540,486,594
Pensalir,Shoes,,Bowman,Bowman,Mythic,0,,,0,,,981,882.9,"1,079.10"
Eclectic,Outfit,,Bowman,Bowman,Normal,0,,,0,,,19,17.1,20.9
Eclectic,Outfit,,Bowman,Bowman,Rare,0,,,0,,,90,81,99
Eclectic,Outfit,,Bowman,Bowman,Epic,0,,,0,,,249,224.1,273.9
Eclectic,Outfit,,Bowman,Bowman,Unique,0,,,0,,,503,452.7,553.3
Eclectic,Outfit,,Bowman,Bowman,Legendary,0,,,0,,,902,811.8,992.2
Eclectic,Outfit,,Bowman,Bowman,Mythic,0,,,0,,,"1,637","1,473.30","1,800.70"
Ipos,Outfit,,Bowman,Bowman,Normal,0,,,0,,,19,17.1,20.9
Ipos,Outfit,,Bowman,Bowman,Rare,0,,,0,,,90,81,99
Ipos,Outfit,,Bowman,Bowman,Epic,0,,,0,,,249,224.1,273.9
Ipos,Outfit,,Bowman,Bowman,Unique,0,,,0,,,503,452.7,553.3
Ipos,Outfit,,Bowman,Bowman,Legendary,0,,,0,,,902,811.8,992.2
Ipos,Outfit,,Bowman,Bowman,Mythic,0,,,0,,,"1,637","1,473.30","1,800.70"
Muspell,Outfit,,Bowman,Bowman,Normal,0,,,0,,,19,17.1,20.9
Muspell,Outfit,,Bowman,Bowman,Rare,0,,,0,,,90,81,99
Muspell,Outfit,,Bowman,Bowman,Epic,0,,,0,,,249,224.1,273.9
Muspell,Outfit,,Bowman,Bowman,Unique,0,,,0,,,503,452.7,553.3
Muspell,Outfit,,Bowman,Bowman,Legendary,0,,,0,,,902,811.8,992.2
Muspell,Outfit,,Bowman,Bowman,Mythic,0,,,0,,,"1,637","1,473.30","1,800.70"
Pensalir,Outfit,,Bowman,Bowman,Normal,0,,,0,,,19,17.1,20.9
Pensalir,Outfit,,Bowman,Bowman,Rare,0,,,0,,,90,81,99
Pensalir,Outfit,,Bowman,Bowman,Epic,0,,,0,,,249,224.1,273.9
Pensalir,Outfit,,Bowman,Bowman,Unique,0,,,0,,,503,452.7,553.3
Pensalir,Outfit,,Bowman,Bowman,Legendary,0,,,0,,,902,811.8,992.2
Pensalir,Outfit,,Bowman,Bowman,Mythic,0,,,0,,,"1,637","1,473.30","1,800.70"
Eclectic,Hat,,Bowman,Bowman,Normal,0,,,0,,,6,5.4,6.6
Eclectic,Hat,,Bowman,Bowman,Rare,0,,,0,,,34,30.6,37.4
Eclectic,Hat,,Bowman,Bowman,Epic,0,,,0,,,98,88.2,107.8
Eclectic,Hat,,Bowman,Bowman,Unique,0,,,0,,,200,180,220
Eclectic,Hat,,Bowman,Bowman,Legendary,0,,,0,,,359,323.1,394.9
Eclectic,Hat,,Bowman,Bowman,Mythic,0,,,0,,,653,587.7,718.3
Ipos,Hat,,Bowman,Bowman,Normal,0,,,0,,,6,5.4,6.6
Ipos,Hat,,Bowman,Bowman,Rare,0,,,0,,,34,30.6,37.4
Ipos,Hat,,Bowman,Bowman,Epic,0,,,0,,,98,88.2,107.8
Ipos,Hat,,Bowman,Bowman,Unique,0,,,0,,,200,180,220
Ipos,Hat,,Bowman,Bowman,Legendary,0,,,0,,,359,323.1,394.9
Ipos,Hat,,Bowman,Bowman,Mythic,0,,,0,,,653,587.7,718.3
Muspell,Hat,,Bowman,Bowman,Normal,0,,,0,,,6,5.4,6.6
Muspell,Hat,,Bowman,Bowman,Rare,0,,,0,,,34,30.6,37.4
Muspell,Hat,,Bowman,Bowman,Epic,0,,,0,,,98,88.2,107.8
Muspell,Hat,,Bowman,Bowman,Unique,0,,,0,,,200,180,220
Muspell,Hat,,Bowman,Bowman,Legendary,0,,,0,,,359,323.1,394.9
Muspell,Hat,,Bowman,Bowman,Mythic,0,,,0,,,653,587.7,718.3
Pensalir,Hat,,Bowman,Bowman,Normal,0,,,0,,,6,5.4,6.6
Pensalir,Hat,,Bowman,Bowman,Rare,0,,,0,,,34,30.6,37.4
Pensalir,Hat,,Bowman,Bowman,Epic,0,,,0,,,98,88.2,107.8
Pensalir,Hat,,Bowman,Bowman,Unique,0,,,0,,,200,180,220
Pensalir,Hat,,Bowman,Bowman,Legendary,0,,,0,,,359,323.1,394.9
Pensalir,Hat,,Bowman,Bowman,Mythic,0,,,0,,,653,587.7,718.3
Eclectic,Gloves,,Bowman,Bowman,Normal,0,,,0,,,11,9.9,12.1
Eclectic,Gloves,,Bowman,Bowman,Rare,0,,,0,,,53,47.7,58.3
Eclectic,Gloves,,Bowman,Bowman,Epic,0,,,0,,,148,133.2,162.8
Eclectic,Gloves,,Bowman,Bowman,Unique,0,,,0,,,301,270.9,331.1
Eclectic,Gloves,,Bowman,Bowman,Legendary,0,,,0,,,540,486,594
Eclectic,Gloves,,Bowman,Bowman,Mythic,0,,,0,,,981,882.9,"1,079.10"
Ipos,Gloves,,Bowman,Bowman,Normal,0,,,0,,,11,9.9,12.1
Ipos,Gloves,,Bowman,Bowman,Rare,0,,,0,,,53,47.7,58.3
Ipos,Gloves,,Bowman,Bowman,Epic,0,,,0,,,148,133.2,162.8
Ipos,Gloves,,Bowman,Bowman,Unique,0,,,0,,,301,270.9,331.1
Ipos,Gloves,,Bowman,Bowman,Legendary,0,,,0,,,540,486,594
Ipos,Gloves,,Bowman,Bowman,Mythic,0,,,0,,,981,882.9,"1,079.10"
Muspell,Gloves,,Bowman,Bowman,Normal,0,,,0,,,11,9.9,12.1
Muspell,Gloves,,Bowman,Bowman,Rare,0,,,0,,,53,47.7,58.3
Muspell,Gloves,,Bowman,Bowman,Epic,0,,,0,,,148,133.2,162.8
Muspell,Gloves,,Bowman,Bowman,Unique,0,,,0,,,301,270.9,331.1
Muspell,Gloves,,Bowman,Bowman,Legendary,0,,,0,,,540,486,594
Muspell,Gloves,,Bowman,Bowman,Mythic,0,,,0,,,981,882.9,"1,079.10"
Pensalir,Gloves,,Bowman,Bowman,Normal,0,,,0,,,11,9.9,12.1
Pensalir,Gloves,,Bowman,Bowman,Rare,0,,,0,,,53,47.7,58.3
Pensalir,Gloves,,Bowman,Bowman,Epic,0,,,0,,,148,133.2,162.8
Pensalir,Gloves,,Bowman,Bowman,Unique,0,,,0,,,301,270.9,331.1
Pensalir,Gloves,,Bowman,Bowman,Legendary,0,,,0,,,540,486,594
Pensalir,Gloves,,Bowman,Bowman,Mythic,0,,,0,,,981,882.9,"1,079.10"
Challenger,Shoulder,,,,Normal,0,,,0,,,13,11.7,14.3
Challenger,Shoulder,,,,Rare,0,,,0,,,55,49.5,60.5
Challenger,Shoulder,,,,Epic,0,,,0,,,150,135,165
Challenger,Shoulder,,,,Unique,0,,,0,,,303,272.7,333.3
Challenger,Shoulder,,,,Legendary,0,,,0,,,542,487.8,596.2
Challenger,Shoulder,,,,Mythic,0,,,0,,,983,884.7,"1,081.30"
Knight,Shoulder,,,,Normal,0,,,0,,,13,11.7,14.3
Knight,Shoulder,,,,Rare,0,,,0,,,55,49.5,60.5
Knight,Shoulder,,,,Epic,0,,,0,,,150,135,165
Knight,Shoulder,,,,Unique,0,,,0,,,303,272.7,333.3
Knight,Shoulder,,,,Legendary,0,,,0,,,542,487.8,596.2
Knight,Shoulder,,,,Mythic,0,,,0,,,983,884.7,"1,081.30"
Noble,Shoulder,,,,Normal,0,,,0,,,13,11.7,14.3
Noble,Shoulder,,,,Rare,0,,,0,,,55,49.5,60.5
Noble,Shoulder,,,,Epic,0,,,0,,,150,135,165
Noble,Shoulder,,,,Unique,0,,,0,,,303,272.7,333.3
Noble,Shoulder,,,,Legendary,0,,,0,,,542,487.8,596.2
Noble,Shoulder,,,,Mythic,0,,,0,,,983,884.7,"1,081.30"
Royal,Shoulder,,,,Normal,0,,,0,,,13,11.7,14.3
Royal,Shoulder,,,,Rare,0,,,0,,,55,49.5,60.5
Royal,Shoulder,,,,Epic,0,,,0,,,150,135,165
Royal,Shoulder,,,,Unique,0,,,0,,,303,272.7,333.3
Royal,Shoulder,,,,Legendary,0,,,0,,,542,487.8,596.2
Royal,Shoulder,,,,Mythic,0,,,0,,,983,884.7,"1,081.30"
Bloody,Cape,,,,Normal,0,,,0,,,4,3.6,4.4
Bloody,Cape,,,,Rare,0,,,0,,,18,16.2,19.8
Bloody,Cape,,,,Epic,0,,,0,,,50,45,55
Bloody,Cape,,,,Unique,0,,,0,,,101,90.9,111.1
Bloody,Cape,,,,Legendary,0,,,0,,,180,162,198
Bloody,Cape,,,,Mythic,0,,,0,,,327,294.3,359.7
Explorer's,Cape,,,,Normal,0,,,0,,,4,3.6,4.4
Explorer's,Cape,,,,Rare,0,,,0,,,18,16.2,19.8
Explorer's,Cape,,,,Epic,0,,,0,,,50,45,55
Explorer's,Cape,,,,Unique,0,,,0,,,101,90.9,111.1
Explorer's,Cape,,,,Legendary,0,,,0,,,180,162,198
Explorer's,Cape,,,,Mythic,0,,,0,,,327,294.3,359.7
Pensalir,Cape,,,,Normal,0,,,0,,,4,3.6,4.4
Pensalir,Cape,,,,Rare,0,,,0,,,18,16.2,19.8
Pensalir,Cape,,,,Epic,0,,,0,,,50,45,55
Pensalir,Cape,,,,Unique,0,,,0,,,101,90.9,111.1
Pensalir,Cape,,,,Legendary,0,,,0,,,180,162,198
Pensalir,Cape,,,,Mythic,0,,,0,,,327,294.3,359.7
Sirius,Cape,,,,Normal,0,,,0,,,4,3.6,4.4
Sirius,Cape,,,,Rare,0,,,0,,,18,16.2,19.8
Sirius,Cape,,,,Epic,0,,,0,,,50,45,55
Sirius,Cape,,,,Unique,0,,,0,,,101,90.9,111.1
Sirius,Cape,,,,Legendary,0,,,0,,,180,162,198
Sirius,Cape,,,,Mythic,0,,,0,,,327,294.3,359.7
Blue Gilded,Belt,,,,Normal,0,,,0,,,13,11.7,14.3
Blue Gilded,Belt,,,,Rare,0,,,0,,,55,49.5,60.5
Blue Gilded,Belt,,,,Epic,0,,,0,,,150,135,165
Blue Gilded,Belt,,,,Unique,0,,,0,,,303,272.7,333.3
Blue Gilded,Belt,,,,Legendary,0,,,0,,,542,487.8,596.2
Blue Gilded,Belt,,,,Mythic,0,,,0,,,983,884.7,"1,081.30"
Extreme,Belt,,,,Normal,0,,,0,,,13,11.7,14.3
Extreme,Belt,,,,Rare,0,,,0,,,55,49.5,60.5
Extreme,Belt,,,,Epic,0,,,0,,,150,135,165
Extreme,Belt,,,,Unique,0,,,0,,,303,272.7,333.3
Extreme,Belt,,,,Legendary,0,,,0,,,542,487.8,596.2
Extreme,Belt,,,,Mythic,0,,,0,,,983,884.7,"1,081.30"
Green Buckle,Belt,,,,Normal,0,,,0,,,13,11.7,14.3
Green Buckle,Belt,,,,Rare,0,,,0,,,55,49.5,60.5
Green Buckle,Belt,,,,Epic,0,,,0,,,150,135,165
Green Buckle,Belt,,,,Unique,0,,,0,,,303,272.7,333.3
Green Buckle,Belt,,,,Legendary,0,,,0,,,542,487.8,596.2
Green Buckle,Belt,,,,Mythic,0,,,0,,,983,884.7,"1,081.30"
Rising Sun,Belt,,,,Normal,0,,,0,,,13,11.7,14.3
Rising Sun,Belt,,,,Rare,0,,,0,,,55,49.5,60.5
Rising Sun,Belt,,,,Epic,0,,,0,,,150,135,165
Rising Sun,Belt,,,,Unique,0,,,0,,,303,272.7,333.3
Rising Sun,Belt,,,,Legendary,0,,,0,,,542,487.8,596.2
Rising Sun,Belt,,,,Mythic,0,,,0,,,983,884.7,"1,081.30"
